Zila/Division,,2015-16,,2016-17,,2017-18,
,,"Area
(acres)","Production
(M. Ton)","Area
(acres)","Production
(M. Ton)","Area
(acres)","Production
(M. Ton)"
1,Barguna,0,0,0,0,0,0
2,Barishal,6300,4690,0,0,7330,3480
3,Bhola,4218,2620,4377,2801,5045,3137
4,Jhallokati,0,0,0,0,0,0
5,Patuakhali,0,0,0,0,0,0
6,Pirojpur,0,0,0,0,0,0
1,Barishal,10518,7310,4377,2801,12375,6617
7,Bandarban,0,0,0,0,0,0
8,Brahmanbaria,0,0,0,0,0,0
9,Chandpur,3791,3576,3758,2693,3682,960
10,Chattogram,0,0,0,0,0,0
11,Cumilla,0,0,0,0,0,0
12,Cox's Bazar,0,0,0,0,0,0
13,Feni,7,3,7,3,10,5
14,Khagrachhari,-,-,0,0,0,0
15,Laksmipur,78403,65500,115257,78470,99136,78293
16,Noakhali,31534,15768,31872,12917,31676,12817
17,Rangamati,0,0,0,0,0,0
2,Chattogram,113735,84847,150894,94083,134504,92075
18,Dhaka,0,0,0,0,0,0
19,Faridpur,0,0,0,0,0,0
20,Gazipur,0,0,0,0,0,0
21,Gopalganj,0,0,0,0,0,0
22,Kishorganj,0,0,0,0,0,0
23,Madaripur,0,0,0,0,0,0
24,Manikganj,0,0,0,0,0,0
25,Munshiganj,0,0,0,0,0,0
26,Narayanganj,0,0,0,0,0,0
27,Narsingdi,0,0,0,0,0,0
28,Rajbari,0,0,0,0,0,0
29,Shariatpur,0,0,0,0,0,0
30,Tangail,0,0,0,0,0,0
3,Dhaka,0,0,0,0,0,0
31,Bagerhat,0,0,0,0,0,0
32,Chuadanga,0,0,0,0,0,0
33,Jashore,0,0,0,0,0,0
34,Jhenaidah,0,0,0,0,0,0
35,Khulna,0,0,0,0,0,0
36,Kushtia,0,0,0,0,0,0
,,"Area
(acres)","Production
(M. Ton)","Area
(acres)","Production
(M. Ton)","Area
(acres)","Production
(M. Ton)"
37,Magura,0,0,0,0,0,0
38,Meherpur,0,0,0,0,0,0
39,Narail,0,0,0,0,0,0
40,Satkhira,0,0,0,0,0,0
4,Khulna,0,0,0,0,0,0
41,Jamalpur,0,0,0,0,0,0
42,Mymensing,10,7,8,5,5,4
43,Netrakona,0,0,0,0,0,0
44,Sherpur,0,0,0,0,0,0
5,Mymensing,10,7,8,5,5,4
45,Bogura,0,0,0,0,0,0
46,Joypurhat,0,0,0,0,0,0
47,Naogaon,0,0,0,0,0,0
48,Natore,0,0,0,0,0,0
49,Chapai Nawabganj,0,0,0,0,0,0
50,Pabna,0,0,50,18,0,0
51,Rajshahi,0,0,0,0,0,0
52,Sirajganj,0,0,0,0,0,0
6,Rajshahi,-,-,50,18,0,0
53,Dinajpur,4,3,4,3,4,3
54,Gaibandha,0,0,0,0,0,0
55,Kurigram,0,0,0,0,0,0
56,Lalmonirhat,0,0,0,0,0,0
57,Nilphamari,22,14,18,11,0,0
58,Panchagarh,0,0,0,0,0,0
59,Rangpur,0,0,0,0,0,0
60,Thakurgaon,0,0,0,0,0,0
7,Rangpur,26,17,22,14,4,3
61,Habiganj,0,0,0,0,0,0
62,Maulvibazar,0,0,0,0,0,0
63,Sunamganj,0,0,0,0,0,0
64,Sylhet,0,0,0,0,0,0
8,Sylhet,0,0,0,0,0,0
,BANGLADESH,124289,92181,155351,96921,146888,98699
