Zila/Division,,2015-16,,2016-17,,2017-18,
,,"Area
(acres)","Production
(M. Ton)","Area
(acres)","Production
(M. Ton)","Area
(acres)","Production
(M. Ton)"
1,Barguna,0,0,0,0,0,0
2,Barishal,0,0,0,0,0,0
3,Bhola,0,0,0,0,0,0
4,Jhallokati,0,0,0,0,0,0
5,Patuakhali,0,0,0,0,0,0
6,Pirojpur,0,0,0,0,0,0
1,Barishal,0,0,0,0,0,0
7,Bandarban,303,70,306,4,305,5
8,Brahmanbaria,0,0,0,0,0,0
9,Chandpur,0,0,0,0,0,0
10,Chattogram,16467,7140,14280,9903,14594,9910
11,Cumilla,0,0,0,0,0,0
12,Cox's Bazar,0,0,0,0,0,0
13,Feni,0,0,0,0,0,0
14,Khagrachhari,0,0,0,0,0,0
15,Laksmipur,0,0,0,0,0,0
16,Noakhali,0,0,0,0,0,0
17,Rangamati,379,30,346,57,292,45
2,Chattogram,17149,7240,14932,9964,15191,9960
18,Dhaka,0,0,0,0,0,0
19,Faridpur,0,0,0,0,0,0
20,Gazipur,0,0,0,0,0,0
21,Gopalganj,0,0,0,0,0,0
22,Kishorganj,0,0,0,0,0,0
23,Madaripur,0,0,0,0,0,0
24,Manikganj,0,0,0,0,0,0
25,Munshiganj,0,0,0,0,0,0
26,Narayanganj,0,0,0,0,0,0
27,Narsingdi,0,0,0,0,0,0
28,Rajbari,0,0,0,0,0,0
29,Shariatpur,0,0,0,0,0,0
30,Tangail,0,0,0,0,0,0
3,Dhaka,0,0,0,0,0,0
31,Bagerhat,0,0,0,0,0,0
32,Chuadanga,0,0,0,0,0,0
33,Jashore,0,0,0,0,0,0
34,Jhenaidah,0,0,0,0,0,0
35,Khulna,0,0,0,0,0,0
36,Kushtia,0,0,0,0,0,0
,,"Area
(acres)","Production
(M. Ton)","Area
(acres)","Production
(M. Ton)","Area
(acres)","Production
(M. Ton)"
37,Magura,0,0,0,0,0,0
38,Meherpur,0,0,0,0,0,0
39,Narail,0,0,0,0,0,0
40,Satkhira,0,0,0,0,0,0
4,Khulna,0,0,0,0,0,0
41,Jamalpur,0,0,0,0,0,0
42,Mymensing,0,0,0,0,0,0
43,Netrakona,0,0,0,0,0,0
44,Sherpur,0,0,0,0,0,0
5,Mymensing,0,0,0,0,0,0
45,Bogura,0,0,0,0,0,0
46,Joypurhat,0,0,0,0,0,0
47,Naogaon,0,0,0,0,0,0
48,Natore,0,0,0,0,0,0
49,Chapai Nawabganj,0,0,0,0,0,0
50,Pabna,0,0,0,0,0,0
51,Rajshahi,0,0,0,0,0,0
52,Sirajganj,0,0,0,0,0,0
6,Rajshahi,0,0,0,0,0,0
53,Dinajpur,0,0,0,0,0,0
54,Gaibandha,0,0,0,0,0,0
55,Kurigram,0,0,0,0,0,0
56,Lalmonirhat,0,0,0,0,0,0
57,Nilphamari,0,0,0,0,0,0
58,Panchagarh,3875,3590,3859,6230,4153,6658
59,Rangpur,0,0,0,0,0,0
60,Thakurgaon,0,0,0,0,0,0
7,Rangpur,3875,3590,3859,6230,4153,6658
61,Habiganj,30917,14010,27708,17874,27608,16539
62,Maulvibazar,83340,34740,74713,41787,73923,39290
63,Sunamganj,0,0,0,0,0,0
64,Sylhet,13065,4920,11871,5995,44794,5668
8,Sylhet,127322,53670,114292,65656,146325,61497
,BANGLADESH,148346,64500,133083,81850,165669,78115
