Zila/Division,,2015-16,,2016-17,,2017-18,
,,"Area
(acres)","Production
(M. Ton)","Area
(acres)","Production
(M. Ton)","Area
(acres)","Production
(M. Ton)"
1,Barguna,0,0,0,0,0,0
2,Barishal,0,0,0,0,0,0
3,Bhola,0,0,0,0,0,0
4,Jhallokati,0,0,0,0,0,0
5,Patuakhali,0,0,0,0,0,0
6,Pirojpur,0,0,0,0,0,0
1,Barishal,0,0,0,0,0,0
7,Bandarban,6472,3142,6486,3145,6569,3196
8,Brahmanbaria,0,0,0,0,0,0
9,Chandpur,0,0,0,0,0,0
10,Chattogram,4,1,3,1,3,1
11,Cumilla,0,0,0,0,0,0
12,Cox's Bazar,0,0,0,0,0,0
13,Feni,0,0,0,0,0,0
14,Khagrachhari,0,0,0,0,0,0
15,Laksmipur,0,0,0,0,0,0
16,Noakhali,0,0,0,0,0,0
17,Rangamati,254,245,248,217,290,218
2,Chattogram,6730,3388,6737,3363,6862,3415
18,Dhaka,0,0,0,0,0,0
19,Faridpur,0,0,0,0,0,0
20,Gazipur,0,0,0,0,0,0
21,Gopalganj,0,0,0,0,0,0
22,Kishorganj,0,0,0,0,0,0
23,Madaripur,0,0,0,0,0,0
24,Manikganj,138,43,146,43,148,46
25,Munshiganj,0,0,0,0,0,0
26,Narayanganj,0,0,0,0,0,0
27,Narsingdi,0,0,0,0,0,0
28,Rajbari,0,0,0,0,0,0
29,Shariatpur,0,0,0,0,0,0
30,Tangail,0,0,0,0,0,0
3,Dhaka,138,43,146,43,148,46
31,Bagerhat,0,0,0,0,0,0
32,Chuadanga,0,0,0,0,0,0
33,Jashore,0,0,0,0,0,0
34,Jhenaidah,0,0,0,0,0,0
35,Khulna,0,0,0,0,0,0
36,Kushtia,0,0,0,0,0,0
,,"Area
(acres)","Production
(M. Ton)","Area
(acres)","Production
(M. Ton)","Area
(acres)","Production
(M. Ton)"
37,Magura,0,0,0,0,0,0
38,Meherpur,0,0,0,0,0,0
39,Narail,0,0,0,0,0,0
40,Satkhira,0,0,0,0,0,0
4,Khulna,0,0,0,0,0,0
41,Jamalpur,0,0,0,0,0,0
42,Mymensing,0,0,0,0,0,0
43,Netrakona,0,0,0,0,0,0
44,Sherpur,0,0,0,0,0,0
5,Mymensing,0,0,0,0,0,0
45,Bogura,0,0,0,0,0,0
46,Joypurhat,0,0,0,0,0,0
47,Naogaon,0,0,0,0,0,0
48,Natore,84,38,76,37,77,36
49,Chapai Nawabganj,0,0,0,0,0,0
50,Pabna,0,0,0,0,0,0
51,Rajshahi,0,0,0,0,0,0
52,Sirajganj,0,0,0,0,0,0
6,Rajshahi,84,38,76,37,77,36
53,Dinajpur,0,0,0,0,0,0
54,Gaibandha,60,29,43,22,0,0
55,Kurigram,163,76,165,78,0,0
56,Lalmonirhat,7352,4973,7380,5018,4487,3397
57,Nilphamari,4404,3104,4430,2123,3871,2719
58,Panchagarh,8,2,8,2,8,2
59,Rangpur,1021,524,1037,527,873,444
60,Thakurgaon,0,0,0,0,0,0
7,Rangpur,13008,8708,13063,7770,9239,6562
61,Habiganj,0,0,0,0,0,0
62,Maulvibazar,0,0,0,0,0,0
63,Sunamganj,0,0,0,0,0,0
64,Sylhet,0,0,0,0,0,0
8,Sylhet,0,0,0,0,0,0
,BANGLADESH,19960,12177,20022,11213,16326,10059
