District/ Division,,2017-18,,2018-19,,2019-20,
,,"Area
(acre)","Production
(MT)","Area
(acre)","Production
(MT)","Area
(acre)","Production
(MT)"
1,Barguna,0,0,0,0,0,0
2,Barishal,0,0,0,0,0,0
3,Bhola,0,0,0,0,0,0
4,Jhallokati,0,0,0,0,0,0
5,Patuakhali,0,0,0,0,0,0
6,Pirojpur,0,0,0,0,0,0
1,Barishal Division,0,0,0,0,0,0
7,Bandarban,0,0,0,0,0,0
8,Brahmanbaria,0,0,0,0,0,0
9,Chandpur,0,0,0,0,0,0
10,Chattogram,0,0,0,0,0,0
11,Cumilla,0,0,0,0,0,0
12,Cox’s Bazar,0,0,0,0,0,0
13,Feni,0,0,0,0,0,0
14,Khagrachari,0,0,0,0,0,0
15,Lakshmipur,0,0,0,0,0,0
16,Noakhali,0,0,0,0,0,0
17,Rangamati,0,0,7,3,8.20,3.24
2,Chattogram Division,0,0,7,3,8.20,3.24
18,Dhaka,0,0,0,0,0,0
19,Faridpur,0,0,0,0,0,0
20,Gazipur,0,0,0,0,0,0
21,Gopalganj,0,0,0,0,0,0
22,Kishoreganj,0,0,0,0,0,0
23,Madaripur,0,0,0,0,0,0
24,Manikganj,0,0,0,0,0,0
25,Munshiganj,0,0,0,0,0,0
26,Narayanganj,0,0,0,0,0,0
27,Narsingdi,0,0,0,0,0,0
28,Rajbari,0,0,68,22,0,0
29,Shariatpur,0,0,0,0,0,0
30,Tangail,0,0,5,2,4.77,2.08
3,Dhaka Division,0,0,73,24,70.77,24.88
31,Bagerhat,0,0,0,0,0,0
32,Chuadanga,0,0,0,0,1.5,0.4
33,Jashore,0,0,0,0,0,0
34,Jhenaidah,0,0,2370,815,1701,553.4
,,"Area
(acre)","Production
(MT)","Area
(acre)","Production
(MT)","Area
(acre)","Production
(MT)"
35,Khulna,0,0,0,0,0,0
36,Kushtia,0,0,0,0,0,0
37,Magura,0,0,0,0,0,0
38,Meherpur,0,0,0,0,0,0
39,Narail,0,0,0,0,0,0
40,Satkhira,0,0,0,0,0,0
4,Khulna Division,0,0,2370,815,1702.5,553.4
41,Jamalpur,0,0,0,0,0,0
42,Mymensingh,0,0,0,0,0,0
43,Netrokona,0,0,0,0,0,0
44,Sherpur,0,0,0,0,0,0
5,Mymensingh Division,0,0,0,0,0,0
45,Bogura,0,0,0,0,0,0
46,Joypurhat,0,0,0,0,0,0
47,Naogaon,0,0,0,0,0,0
48,Natore,0,0,5,1,0,0
49,Chapai Nawabganj,0,0,0,0,0,0
50,Pabna,0,0,0,0,0,0
51,Rajshahi,0,0,0,0,0,0
52,Sirajganj,0,0,0,0,0,0
6,Rajshahi Division,0,0,5,1,0,0
53,Dinajpur,0,0,0,0,1.5,0.3
54,Gaibandha,0,0,17,5,18,6
55,Kurigram,0,0,0,0,0,0
56,Lalmonirhat,0,0,0,0,0,0
57,Nilphamari,0,0,0,0,0,0
58,Panchagar,0,0,0,0,0,0
59,Rangpur,0,0,0,0,0,0
60,Tahkurgaon,0,0,0,0,0,0
7,Rangpur Division,0,0,17,5,19.5,6.3
61,Habigonj,0,0,0,0,0,0
62,Moulvibazar,0,0,0,0,0,0
63,Sunamganj,0,0,0,0,0,0
64,Sylhet,0,0,0,0,0,0
8,Sylhet Division,0,0,0,0,0,0
BANGLADESH,,0,0,2472,848,1800.97,587.82
