District/ Division,,2017-18,,2018-19,,2019-20,
,,"Area
(acre)","Production
(MT)","Area
(acre)","Production
(MT)","Area
(acre)","Production
(MT)"
1,Barguna,0,0,0,0,0,0
2,Barishal,7330,3480,7180,3550,8500,5300
3,Bhola,5045,3137,5719,4022,5793,4765
4,Jhallokati,0,0,0,0,0,0
5,Patuakhali,0,0,0,0,0,0
6,Pirojpur,0,0,0,0,0,0
1,Barishal Division,12375,6617,12899,7572,14293,10065
7,Bandarban,0,0,0,0,0,0
8,Brahmanbaria,0,0,0,0,0,0
9,Chandpur,3682,960,3674,2524,3671,2522
10,Chattogram,0,0,0,0,0,0
11,Cumilla,0,0,0,0,0,0
12,Cox’s Bazar,0,0,0,0,0,0
13,Feni,10,5,5,3,4,1
14,Khagrachari,0,0,0,0,0,0
15,Lakshmipur,99136,78293,111142,92423,110753,80850
16,Noakhali,31676,12817,26670,8259,22648,11300
17,Rangamati,0,0,0,0,0,0
2,Chattogram Division,134504,92075,141491,103209,137076,94673
18,Dhaka,0,0,0,0,0,0
19,Faridpur,0,0,0,0,0,0
20,Gazipur,0,0,0,0,0,0
21,Gopalganj,0,0,0,0,0,0
22,Kishoreganj,0,0,0,0,0,0
23,Madaripur,0,0,0,0,0,0
24,Manikganj,0,0,0,0,0,0
25,Munshiganj,0,0,0,0,0,0
26,Narayanganj,0,0,0,0,0,0
27,Narsingdi,0,0,0,0,0,0
28,Rajbari,0,0,0,0,0,0
29,Shariatpur,0,0,0,0,0,0
30,Tangail,0,0,0,0,0,0
3,Dhaka Division,0,0,0,0,0,0
31,Bagerhat,0,0,0,0,0,0
32,Chuadanga,0,0,0,0,0,0
33,Jashore,0,0,0,0,0,0
34,Jhenaidah,0,0,0,0,0,0
,,"Area
(acre)","Production
(MT)","Area
(acre)","Production
(MT)","Area
(acre)","Production
(MT)"
35,Khulna,0,0,0,0,0,0
36,Kushtia,0,0,0,0,0,0
37,Magura,0,0,0,0,0,0
38,Meherpur,0,0,0,0,0,0
39,Narail,0,0,0,0,0,0
40,Satkhira,0,0,0,0,0,0
4,Khulna Division,0,0,0,0,0,0
41,Jamalpur,0,0,0,0,0,0
42,Mymensingh,5,4,5,3,0,0
43,Netrokona,0,0,0,0,0,0
44,Sherpur,0,0,0,0,0,0
5,Mymensingh Division,5,4,5,3,0,0
45,Bogura,0,0,0,0,0,0
46,Joypurhat,0,0,0,0,0,0
47,Naogaon,0,0,0,0,0,0
48,Natore,0,0,0,0,0,0
49,Chapai Nawabganj,0,0,0,0,0,
50,Pabna,0,0,0,0,0,0
51,Rajshahi,0,0,0,0,37,37
52,Sirajganj,0,0,0,0,1,1
6,Rajshahi Division,0,0,0,0,0,0
53,Dinajpur,4,3,1,1,0,0
54,Gaibandha,0,0,0,0,0,0
55,Kurigram,0,0,0,0,0,0
56,Lalmonirhat,0,0,0,0,0,0
57,Nilphamari,0,0,0,0,0,0
58,Panchagar,0,0,0,0,0,0
59,Rangpur,0,0,0,0,0,0
60,Tahkurgaon,0,0,0,0,0,0
7,Rangpur Division,4,3,1,1,1,1
61,Habigonj,0,0,0,0,0,0
62,Moulvibazar,0,0,0,0,0,0
63,Sunamganj,0,0,0,0,0,0
64,Sylhet,0,0,0,0,0,0
8,Sylhet Division,0,0,0,0,0,0
BANGLADESH,,146888,98699,154396,110785,151407,104761
